{"stats":{"minecraft:mined":{"hexerei:mahogany_log":1,"hexerei:mahogany_leaves":2},"minecraft:dropped":{"alexsmobs:animal_dictionary":1,"patchouli:guide_book":1,"bossominium:the_bossdexium":1,"hexerei:mahogany_log":1},"minecraft:custom":{"minecraft:jump":26,"minecraft:time_since_rest":5638,"minecraft:walk_on_water_one_cm":62,"minecraft:leave_game":1,"minecraft:crouch_one_cm":58,"minecraft:sprint_one_cm":1668,"minecraft:play_time":5638,"minecraft:time_since_death":5638,"minecraft:walk_one_cm":1317,"minecraft:sneak_time":15,"minecraft:total_world_time":5638,"minecraft:swim_one_cm":930,"minecraft:drop":4,"minecraft:fall_one_cm":418,"minecraft:fly_one_cm":5268},"minecraft:picked_up":{"hexerei:mahogany_log":1}},"DataVersion":3465}