{"stats":{"minecraft:mined":{"minecraft:jungle_leaves":9,"minecraft:crafting_table":1,"hexerei:mahogany_leaves":2,"hexerei:mahogany_log":1,"minecraft:oak_log":18,"minecraft:vine":1,"minecraft:jungle_log":6,"minecraft:oak_leaves":3,"minecraft:fern":1},"minecraft:crafted":{"minecraft:oak_planks":16,"minecraft:crafting_table":1,"minecraft:stick":4,"minecraft:wooden_axe":1},"minecraft:used":{"aquaculture:tambaqui":1,"minecraft:wooden_axe":31,"aquaculture:piranha":3,"minecraft:crafting_table":1},"minecraft:dropped":{"alexsmobs:animal_dictionary":1,"minecraft:oak_sapling":8,"hexerei:mahogany_log":1,"minecraft:jungle_sapling":2,"minecraft:bone_meal":2,"rootsclassic:whitecurrant":1,"rootsclassic:elderberry":1,"rootsclassic:blackcurrant":2,"exoticbirds:mystery_egg":2,"patchouli:guide_book":1,"bossominium:the_bossdexium":1},"minecraft:custom":{"minecraft:time_since_rest":11638,"minecraft:sprint_one_cm":20983,"minecraft:damage_taken":100,"minecraft:walk_one_cm":8113,"minecraft:mob_kills":4,"minecraft:drop":15,"minecraft:damage_dealt":120,"minecraft:interact_with_crafting_table":1,"minecraft:swim_one_cm":1409,"minecraft:fly_one_cm":18496,"minecraft:open_chest":4,"minecraft:crouch_one_cm":241,"minecraft:play_time":11638,"minecraft:sneak_time":151,"minecraft:walk_under_water_one_cm":81,"minecraft:jump":104,"minecraft:leave_game":1,"minecraft:walk_on_water_one_cm":4331,"minecraft:time_since_death":11638,"minecraft:total_world_time":11638,"minecraft:climb_one_cm":2995,"minecraft:fall_one_cm":3944},"minecraft:picked_up":{"aquaculture:tambaqui":1,"minecraft:stick":11,"minecraft:crafting_table":1,"rootsclassic:whitecurrant":1,"hexerei:mahogany_log":1,"minecraft:jungle_log":6,"aquaculture:piranha":3,"minecraft:oak_log":18,"exoticbirds:mystery_egg":2,"rootsclassic:elderberry":1,"rootsclassic:blackcurrant":2,"minecraft:bone_meal":2,"minecraft:jungle_sapling":2,"minecraft:oak_sapling":8},"minecraft:killed":{"aquaculture:piranha":3,"aquaculture:tambaqui":1}},"DataVersion":3465}