{"stats":{"minecraft:mined":{"minecraft:cobblestone_stairs":1,"minecraft:jungle_leaves":9,"minecraft:crafting_table":3,"hexerei:mahogany_leaves":2,"minecraft:granite":1,"minecraft:grass_block":1,"croptopia:garlic_crop":1,"minecraft:jungle_log":6,"minecraft:cobblestone":3,"croptopia:peanut_crop":1,"minecraft:grass":1,"hexerei:mahogany_log":1,"minecraft:oak_log":18,"minecraft:vine":1,"minecraft:dirt":2,"minecraft:cracked_stone_bricks":1,"minecraft:stone":37,"minecraft:stone_bricks":2,"minecraft:mossy_stone_bricks":1,"minecraft:oak_leaves":4,"minecraft:fern":2},"minecraft:crafted":{"minecraft:oak_planks":72,"minecraft:crafting_table":1,"minecraft:wooden_pickaxe":1,"minecraft:stone_axe":1,"minecraft:jungle_planks":24,"minecraft:stick":4,"minecraft:stone_pickaxe":1,"minecraft:wooden_axe":1},"minecraft:used":{"aquaculture:tambaqui":1,"minecraft:cobblestone_stairs":1,"minecraft:wooden_pickaxe":46,"aquaculture:piranha":3,"minecraft:crafting_table":3,"minecraft:granite":1,"minecraft:jungle_sapling":1,"minecraft:wooden_axe":42,"minecraft:bread":3},"minecraft:dropped":{"hexerei:sage_seed":1,"alexsmobs:animal_dictionary":1,"hexerei:mahogany_log":1,"croptopia:peanut":1,"minecraft:cracked_stone_bricks":1,"rootsclassic:whitecurrant":1,"exoticbirds:mystery_egg":2,"patchouli:guide_book":1,"bossominium:the_bossdexium":1,"minecraft:mossy_stone_bricks":1,"minecraft:oak_sapling":8,"croptopia:peanut_seed":2,"minecraft:jungle_sapling":3,"minecraft:stone_bricks":2,"minecraft:bone_meal":2,"rootsclassic:elderberry":1,"rootsclassic:blackcurrant":2},"minecraft:custom":{"minecraft:mob_kills":5,"minecraft:interact_with_crafting_table":4,"minecraft:open_barrel":1,"minecraft:leave_game":1,"minecraft:time_since_death":20236,"minecraft:climb_one_cm":4019,"minecraft:time_since_rest":20236,"minecraft:walk_one_cm":29871,"minecraft:sprint_one_cm":31544,"minecraft:damage_taken":232,"minecraft:drop":24,"minecraft:damage_dealt":595,"minecraft:swim_one_cm":14003,"minecraft:fly_one_cm":22228,"minecraft:open_chest":6,"minecraft:crouch_one_cm":1513,"minecraft:play_time":20236,"minecraft:sneak_time":818,"minecraft:walk_under_water_one_cm":2029,"minecraft:jump":152,"minecraft:walk_on_water_one_cm":7162,"minecraft:total_world_time":20236,"minecraft:fall_one_cm":5307},"minecraft:picked_up":{"minecraft:crafting_table":3,"minecraft:jungle_log":6,"minecraft:oak_log":18,"rootsclassic:elderberry":1,"minecraft:cobblestone_stairs":1,"minecraft:dirt":3,"minecraft:stone_bricks":4,"minecraft:cracked_stone_bricks":2,"minecraft:jungle_sapling":4,"minecraft:mossy_stone_bricks":2,"croptopia:peanut_seed":2,"croptopia:peanut":1,"minecraft:stick":11,"rootsclassic:whitecurrant":1,"aquaculture:tambaqui":1,"hexerei:mahogany_log":1,"aquaculture:piranha":3,"exoticbirds:mystery_egg":2,"hexerei:sage_seed":1,"rootsclassic:blackcurrant":2,"minecraft:granite":1,"minecraft:bone_meal":2,"minecraft:oak_sapling":8,"minecraft:cobblestone":40},"minecraft:killed":{"aquaculture:piranha":3,"alexsmobs:gorilla":1,"aquaculture:tambaqui":1}},"DataVersion":3465}