{"stats":{"minecraft:killed":{"exoticbirds:hummingbird":1},"minecraft:custom":{"minecraft:jump":90,"minecraft:time_since_rest":4998,"minecraft:leave_game":1,"minecraft:damage_dealt":30,"minecraft:crouch_one_cm":13,"minecraft:sprint_one_cm":18527,"minecraft:play_time":4998,"minecraft:damage_taken":60,"minecraft:time_since_death":4998,"minecraft:walk_one_cm":3764,"minecraft:sneak_time":32,"minecraft:climb_one_cm":210,"minecraft:total_world_time":4998,"minecraft:mob_kills":1,"minecraft:fall_one_cm":2777,"minecraft:fly_one_cm":28961},"minecraft:mined":{"minecraft:grass":1,"minecraft:fern":2}},"DataVersion":3465}