{"stats":{"minecraft:mined":{"alexsmobs:leafcutter_anthill":1,"croptopia:vanilla_crop":1,"minecraft:torch":3,"minecraft:crafting_table":2,"hexerei:mahogany_planks":1,"minecraft:grass":4,"hexerei:mahogany_log":51,"minecraft:coal_ore":15,"minecraft:dripstone_block":1,"minecraft:stone":18,"hexerei:mahogany_wood":1,"minecraft:diorite":1,"minecraft:oak_leaves":5},"minecraft:used":{"minecraft:wooden_axe":55,"minecraft:apple":1,"minecraft:stone_pickaxe":39,"minecraft:wooden_pickaxe":5,"minecraft:torch":14,"hexerei:mahogany_wood":1,"hexerei:mahogany_planks":42,"minecraft:crafting_table":2,"alexsmobs:animal_dictionary":2},"minecraft:crafted":{"hexerei:mahogany_wood":3,"minecraft:crafting_table":2,"minecraft:stick":4,"minecraft:wooden_pickaxe":1,"minecraft:stone_pickaxe":1,"minecraft:wooden_axe":1,"minecraft:torch":20,"hexerei:mahogany_planks":200},"minecraft:broken":{"minecraft:wooden_axe":1},"minecraft:custom":{"minecraft:time_since_rest":10526,"minecraft:sprint_one_cm":17454,"minecraft:damage_taken":60,"minecraft:walk_one_cm":19671,"minecraft:mob_kills":4,"minecraft:damage_dealt":401,"minecraft:fly_one_cm":27014,"minecraft:interact_with_crafting_table":3,"minecraft:crouch_one_cm":3663,"minecraft:play_time":10526,"minecraft:sneak_time":998,"minecraft:jump":242,"minecraft:time_since_death":10526,"minecraft:climb_one_cm":145,"minecraft:total_world_time":10526,"minecraft:fall_one_cm":5030},"minecraft:picked_up":{"hexerei:animal_fat":1,"minecraft:stick":9,"minecraft:crafting_table":2,"rootsclassic:whitecurrant":2,"hexerei:mahogany_log":51,"minecraft:torch":3,"minecraft:dripstone_block":1,"minecraft:porkchop":6,"croptopia:vanilla":1,"rootsclassic:nightshade":3,"hexerei:mahogany_planks":1,"minecraft:diorite":1,"exoticbirds:mystery_egg":1,"rootsclassic:elderberry":1,"rootsclassic:redcurrant":3,"hexerei:sage_seed":1,"rootsclassic:blackcurrant":5,"minecraft:apple":1,"hexerei:mahogany_sapling":8,"hexerei:mahogany_wood":1,"minecraft:coal":15,"minecraft:cobblestone":18},"minecraft:killed":{"minecraft:pig":4}},"DataVersion":3465}