{"stats":{"minecraft:mined":{"minecraft:crafting_table":2,"hexerei:mahogany_planks":1,"minecraft:grass":3,"hexerei:mahogany_log":51,"minecraft:coal_ore":6,"minecraft:stone":7,"hexerei:mahogany_wood":1,"minecraft:diorite":1},"minecraft:used":{"minecraft:wooden_axe":50,"minecraft:stone_pickaxe":9,"minecraft:wooden_pickaxe":5,"minecraft:torch":5,"hexerei:mahogany_wood":1,"hexerei:mahogany_planks":15,"minecraft:crafting_table":2,"alexsmobs:animal_dictionary":2},"minecraft:crafted":{"hexerei:mahogany_wood":3,"minecraft:crafting_table":2,"minecraft:stick":4,"minecraft:wooden_pickaxe":1,"minecraft:stone_pickaxe":1,"minecraft:wooden_axe":1,"minecraft:torch":20,"hexerei:mahogany_planks":200},"minecraft:custom":{"minecraft:time_since_rest":4883,"minecraft:sprint_one_cm":5107,"minecraft:damage_taken":30,"minecraft:walk_one_cm":7506,"minecraft:fly_one_cm":4337,"minecraft:interact_with_crafting_table":3,"minecraft:crouch_one_cm":2333,"minecraft:play_time":4883,"minecraft:sneak_time":585,"minecraft:jump":43,"minecraft:time_since_death":4883,"minecraft:climb_one_cm":0,"minecraft:total_world_time":4883,"minecraft:fall_one_cm":2030},"minecraft:picked_up":{"minecraft:stick":7,"minecraft:crafting_table":2,"rootsclassic:whitecurrant":2,"hexerei:mahogany_log":51,"rootsclassic:nightshade":3,"hexerei:mahogany_planks":1,"minecraft:diorite":1,"exoticbirds:mystery_egg":1,"rootsclassic:elderberry":1,"rootsclassic:redcurrant":3,"hexerei:sage_seed":1,"rootsclassic:blackcurrant":4,"hexerei:mahogany_sapling":8,"hexerei:mahogany_wood":1,"minecraft:coal":6,"minecraft:cobblestone":7}},"DataVersion":3465}