{
  "minecraft:recipes/decorations/ladder": {
    "criteria": {
      "has_stick": "2024-07-17 03:40:15 +0000"
    },
    "done": true
  },
  "mutantmonsters:root": {
    "criteria": {
      "killed_something": "2024-07-17 03:47:40 +0000"
    },
    "done": true
  },
  "croptopia:recipes/misc/apple_juice": {
    "criteria": {
      "has_apple": "2024-07-17 03:47:35 +0000"
    },
    "done": true
  },
  "croptopia:recipes/pork_jerky": {
    "criteria": {
      "has_pork": "2024-07-17 03:47:41 +0000"
    },
    "done": true
  },
  "shieldexp:recipes/wooden_shield": {
    "criteria": {
      "has_stick": "2024-07-17 03:40:15 +0000"
    },
    "done": true
  },
  "mcwwindows:recipes/diorite": {
    "criteria": {
      "has_wood": "2024-07-17 03:43:03 +0000"
    },
    "done": true
  },
  "paraglider:root": {
    "criteria": {
      "crafting_table": "2024-07-17 03:40:12 +0000"
    },
    "done": true
  },
  "minecraft:recipes/woodcutting/mahogany/polished_mahogany_button_from_mahogany_planks_woodcutting": {
    "criteria": {
      "give_recipe": "2024-07-17 03:40:09 +0000"
    },
    "done": true
  },
  "exoticbirds:recipes/nest": {
    "criteria": {
      "has_stick": "2024-07-17 03:40:15 +0000"
    },
    "done": true
  },
  "aquaculture:recipes/aquaculture/heavy_hook": {
    "criteria": {
      "has_items": "2024-07-17 03:38:54 +0000"
    },
    "done": true
  },
  "mcwfences:recipes/dark_oak": {
    "criteria": {
      "has_dark_oak": "2024-07-17 03:38:54 +0000"
    },
    "done": true
  },
  "minecraft:recipes/building_blocks/polished_diorite": {
    "criteria": {
      "has_diorite": "2024-07-17 03:43:03 +0000"
    },
    "done": true
  },
  "supplementaries:recipes/flags/flag_magenta": {
    "criteria": {
      "has_stick": "2024-07-17 03:40:15 +0000"
    },
    "done": true
  },
  "aquaculture:recipes/misc/neptunium_ingot_from_neptunium_block": {
    "criteria": {
      "has_items": "2024-07-17 03:38:54 +0000"
    },
    "done": true
  },
  "exoticbirds:recipes/phoenix_egg_from_nether_phoenix": {
    "criteria": {
      "has_egg": "2024-07-17 03:38:54 +0000"
    },
    "done": true
  },
  "mcwfences:recipes/crimson": {
    "criteria": {
      "has_crimson": "2024-07-17 03:38:54 +0000"
    },
    "done": true
  },
  "minecraft:recipes/woodcutting/mahogany/barrel_from_mahogany_planks_woodcutting": {
    "criteria": {
      "give_recipe": "2024-07-17 03:40:09 +0000"
    },
    "done": true
  },
  "minecraft:recipes/tools/wooden_axe": {
    "criteria": {
      "has_stick": "2024-07-17 03:40:15 +0000"
    },
    "done": true
  },
  "undergarden:undergarden/root": {
    "criteria": {
      "tick": "2024-07-17 03:38:55 +0000"
    },
    "done": true
  },
  "1_splatus:ultris/root": {
    "criteria": {
      "c1": "2024-07-17 03:38:55 +0000"
    },
    "done": true
  },
  "minecraft:recipes/decorations/crafting_table": {
    "criteria": {
      "unlock_right_away": "2024-07-17 03:38:55 +0000"
    },
    "done": true
  },
  "minecraft:recipes/decorations/chest": {
    "criteria": {
      "has_lots_of_items": "2024-07-17 03:40:26 +0000"
    },
    "done": true
  },
  "exoticbirds:recipes/light_gray_birdhouse": {
    "criteria": {
      "has_wood": "2024-07-17 03:40:09 +0000"
    },
    "done": true
  },
  "minecraft:recipes/misc/stick": {
    "criteria": {
      "has_planks": "2024-07-17 03:40:09 +0000"
    },
    "done": true
  },
  "mcwfences:recipes/jungle": {
    "criteria": {
      "has_jungle": "2024-07-17 03:38:54 +0000"
    },
    "done": true
  },
  "minecraft:recipes/woodcutting/mahogany/polished_mahogany_boat_from_mahogany_planks_woodcutting": {
    "criteria": {
      "give_recipe": "2024-07-17 03:40:09 +0000"
    },
    "done": true
  },
  "minecraft:recipes/woodcutting/mahogany/polished_mahogany_pillar_from_mahogany_wood_woodcutting": {
    "criteria": {
      "give_recipe": "2024-07-17 03:40:43 +0000"
    },
    "done": true
  },
  "mekanism:root": {
    "criteria": {
      "automatic": "2024-07-17 03:38:54 +0000"
    },
    "done": true
  },
  "minecraft:recipes/woodcutting/mahogany/mahogany_boat_from_mahogany_planks_woodcutting": {
    "criteria": {
      "give_recipe": "2024-07-17 03:40:09 +0000"
    },
    "done": true
  },
  "mcwfences:recipes/warped": {
    "criteria": {
      "has_warped": "2024-07-17 03:38:54 +0000"
    },
    "done": true
  },
  "exoticbirds:recipes/pink_birdhouse": {
    "criteria": {
      "has_wood": "2024-07-17 03:40:09 +0000"
    },
    "done": true
  },
  "farmersdelight:recipes/cooking/apple_cider": {
    "criteria": {
      "has_apple": "2024-07-17 03:47:35 +0000"
    },
    "done": true
  },
  "fairylights:recipes/fairylights/oil_lantern": {
    "criteria": {
      "has_torch": "2024-07-17 03:42:05 +0000"
    },
    "done": true
  },
  "minecraft:recipes/woodcutting/mahogany/mahogany_trapdoor_from_mahogany_planks_woodcutting": {
    "criteria": {
      "give_recipe": "2024-07-17 03:40:09 +0000"
    },
    "done": true
  },
  "undergarden:recipes/decorations/gloom_o_lantern": {
    "criteria": {
      "has_torch": "2024-07-17 03:42:05 +0000"
    },
    "done": true
  },
  "minecraft:recipes/woodcutting/mahogany/polished_mahogany_pillar_from_mahogany_log_woodcutting": {
    "criteria": {
      "give_recipe": "2024-07-17 03:39:42 +0000"
    },
    "done": true
  },
  "supplementaries:recipes/daub_cross_brace": {
    "criteria": {
      "forge:rods/wooden": "2024-07-17 03:40:15 +0000"
    },
    "done": true
  },
  "exoticbirds:recipes/phoenix_egg_from_cloud_phoenix": {
    "criteria": {
      "has_egg": "2024-07-17 03:38:54 +0000"
    },
    "done": true
  },
  "minecraft:recipes/woodcutting/mahogany/polished_mahogany_fence_from_mahogany_planks_woodcutting": {
    "criteria": {
      "give_recipe": "2024-07-17 03:40:09 +0000"
    },
    "done": true
  },
  "iceandfire:iceandfire/root": {
    "criteria": {
      "tick": "2024-07-17 03:38:55 +0000"
    },
    "done": true
  },
  "occultism:recipes/spirit_trade/spirit_trade/stone_to_otherstone": {
    "criteria": {
      "has_stone": "2024-07-17 03:43:03 +0000"
    },
    "done": true
  },
  "exoticbirds:recipes/red_birdhouse": {
    "criteria": {
      "has_wood": "2024-07-17 03:40:09 +0000"
    },
    "done": true
  },
  "croptopia:recipes/whipping_cream": {
    "criteria": {
      "has_vanilla": "2024-07-17 03:46:36 +0000"
    },
    "done": true
  },
  "minecraft:recipes/food/cooked_porkchop": {
    "criteria": {
      "has_porkchop": "2024-07-17 03:47:41 +0000"
    },
    "done": true
  },
  "minecraft:recipes/building_blocks/diorite_stairs_from_diorite_stonecutting": {
    "criteria": {
      "has_diorite": "2024-07-17 03:43:03 +0000"
    },
    "done": true
  },
  "exoticbirds:recipes/phoenix_egg_from_desert_phoenix": {
    "criteria": {
      "has_egg": "2024-07-17 03:38:54 +0000"
    },
    "done": true
  },
  "minecraft:recipes/decorations/campfire": {
    "criteria": {
      "has_stick": "2024-07-17 03:40:15 +0000"
    },
    "done": true
  },
  "minecraft:recipes/woodcutting/mahogany/polished_mahogany_connected_from_mahogany_planks_woodcutting": {
    "criteria": {
      "give_recipe": "2024-07-17 03:40:09 +0000"
    },
    "done": true
  },
  "supplementaries:recipes/timber_brace": {
    "criteria": {
      "forge:rods/wooden": "2024-07-17 03:40:15 +0000"
    },
    "done": true
  },
  "exoticbirds:recipes/jungle_birdcage": {
    "criteria": {
      "has_stick": "2024-07-17 03:40:15 +0000"
    },
    "done": true
  },
  "supplementaries:recipes/turn_table": {
    "criteria": {
      "minecraft:planks": "2024-07-17 03:40:09 +0000"
    },
    "done": true
  },
  "croptopia:recipes/banana_cream_pie": {
    "criteria": {
      "has_vanilla": "2024-07-17 03:46:36 +0000"
    },
    "done": true
  },
  "minecraft:recipes/building_blocks/cobblestone_slab": {
    "criteria": {
      "has_cobblestone": "2024-07-17 03:41:17 +0000"
    },
    "done": true
  },
  "naturescompass:natures_compass_sapling": {
    "criteria": {
      "has_recipe": "2024-07-17 03:39:42 +0000"
    },
    "done": true
  },
  "exoticbirds:recipes/blue_birdhouse": {
    "criteria": {
      "has_wood": "2024-07-17 03:40:09 +0000"
    },
    "done": true
  },
  "paraglider:recipes/misc/paraglider": {
    "criteria": {
      "has_stick": "2024-07-17 03:40:15 +0000"
    },
    "done": true
  },
  "aquaculture:recipes/decorations/acacia_fish_mount": {
    "criteria": {
      "has_items": "2024-07-17 03:38:54 +0000"
    },
    "done": true
  },
  "supplementaries:recipes/flags/flag_black": {
    "criteria": {
      "has_stick": "2024-07-17 03:40:15 +0000"
    },
    "done": true
  },
  "minecraft:recipes/woodcutting/mahogany/mahogany_button_from_mahogany_planks_woodcutting": {
    "criteria": {
      "give_recipe": "2024-07-17 03:40:09 +0000"
    },
    "done": true
  },
  "minecraft:recipes/combat/wooden_sword": {
    "criteria": {
      "has_stick": "2024-07-17 03:40:15 +0000"
    },
    "done": true
  },
  "minecraft:recipes/food/cooked_porkchop_from_smoking": {
    "criteria": {
      "has_porkchop": "2024-07-17 03:47:41 +0000"
    },
    "done": true
  },
  "rootsclassic:recipes/misc/pestle2": {
    "criteria": {
      "has_diorite": "2024-07-17 03:43:03 +0000"
    },
    "done": true
  },
  "mcwbridges:recipes/bridge_torch": {
    "criteria": {
      "has_planks": "2024-07-17 03:42:05 +0000"
    },
    "done": true
  },
  "supplementaries:recipes/flags/flag_green": {
    "criteria": {
      "has_stick": "2024-07-17 03:40:15 +0000"
    },
    "done": true
  },
  "minecraft:recipes/decorations/cobblestone_wall_from_cobblestone_stonecutting": {
    "criteria": {
      "has_cobblestone": "2024-07-17 03:41:17 +0000"
    },
    "done": true
  },
  "exoticbirds:recipes/phoenix_egg_from_ender_phoenix": {
    "criteria": {
      "has_egg": "2024-07-17 03:38:54 +0000"
    },
    "done": true
  },
  "minecraft:recipes/building_blocks/cobblestone_stairs": {
    "criteria": {
      "has_cobblestone": "2024-07-17 03:41:17 +0000"
    },
    "done": true
  },
  "exoticbirds:recipes/magenta_birdhouse": {
    "criteria": {
      "has_wood": "2024-07-17 03:40:09 +0000"
    },
    "done": true
  },
  "aquaculture:recipes/aquaculture/light_hook": {
    "criteria": {
      "has_items": "2024-07-17 03:38:54 +0000"
    },
    "done": true
  },
  "minecraft:recipes/woodcutting/mahogany/mahogany_door_from_mahogany_planks_woodcutting": {
    "criteria": {
      "give_recipe": "2024-07-17 03:40:09 +0000"
    },
    "done": true
  },
  "supplementaries:recipes/flags/flag_purple": {
    "criteria": {
      "has_stick": "2024-07-17 03:40:15 +0000"
    },
    "done": true
  },
  "minecraft:recipes/woodcutting/mahogany/mahogany_pressure_plate_from_mahogany_planks_woodcutting": {
    "criteria": {
      "give_recipe": "2024-07-17 03:40:09 +0000"
    },
    "done": true
  },
  "exoticbirds:recipes/roost_box": {
    "criteria": {
      "has_material": "2024-07-17 03:40:09 +0000"
    },
    "done": true
  },
  "mcwfences:recipes/birch": {
    "criteria": {
      "has_birch": "2024-07-17 03:38:54 +0000"
    },
    "done": true
  },
  "supplementaries:recipes/flags/flag_white": {
    "criteria": {
      "has_stick": "2024-07-17 03:40:15 +0000"
    },
    "done": true
  },
  "minecraft:recipes/redstone/lever": {
    "criteria": {
      "has_cobblestone": "2024-07-17 03:41:16 +0000"
    },
    "done": true
  },
  "mcwfences:recipes/stone": {
    "criteria": {
      "has_stone": "2024-07-17 03:38:54 +0000"
    },
    "done": true
  },
  "fairylights:recipes/fairylights/candle_lantern": {
    "criteria": {
      "has_torch": "2024-07-17 03:42:05 +0000"
    },
    "done": true
  },
  "supplementaries:recipes/timber_cross_brace": {
    "criteria": {
      "forge:rods/wooden": "2024-07-17 03:40:15 +0000"
    },
    "done": true
  },
  "minecraft:recipes/woodcutting/mahogany/stripped_mahogany_wood_from_mahogany_wood_woodcutting": {
    "criteria": {
      "give_recipe": "2024-07-17 03:40:43 +0000"
    },
    "done": true
  },
  "aquaculture:recipes/tools/iron_fishing_rod": {
    "criteria": {
      "has_vanilla_rod": "2024-07-17 03:38:54 +0000"
    },
    "done": true
  },
  "minecraft:recipes/woodcutting/mahogany/polished_mahogany_trapdoor_from_mahogany_planks_woodcutting": {
    "criteria": {
      "give_recipe": "2024-07-17 03:40:09 +0000"
    },
    "done": true
  },
  "undergarden:recipes/combat/slingshot": {
    "criteria": {
      "has_stick": "2024-07-17 03:40:15 +0000"
    },
    "done": true
  },
  "exoticbirds:recipes/iron_birdcage": {
    "criteria": {
      "has_stick": "2024-07-17 03:40:15 +0000"
    },
    "done": true
  },
  "exoticbirds:recipes/birch_birdcage": {
    "criteria": {
      "has_stick": "2024-07-17 03:40:15 +0000"
    },
    "done": true
  },
  "minecraft:recipes/combat/stone_sword": {
    "criteria": {
      "has_cobblestone": "2024-07-17 03:41:16 +0000"
    },
    "done": true
  },
  "minecraft:recipes/decorations/cobblestone_wall": {
    "criteria": {
      "has_cobblestone": "2024-07-17 03:41:16 +0000"
    },
    "done": true
  },
  "minecraft:recipes/tools/stone_axe": {
    "criteria": {
      "has_cobblestone": "2024-07-17 03:41:17 +0000"
    },
    "done": true
  },
  "minecraft:recipes/woodcutting/mahogany/polished_mahogany_planks_from_mahogany_wood_woodcutting": {
    "criteria": {
      "give_recipe": "2024-07-17 03:40:43 +0000"
    },
    "done": true
  },
  "supplementaries:recipes/flags/flag_gray": {
    "criteria": {
      "has_stick": "2024-07-17 03:40:15 +0000"
    },
    "done": true
  },
  "minecraft:recipes/building_blocks/diorite_slab": {
    "criteria": {
      "has_diorite": "2024-07-17 03:43:03 +0000"
    },
    "done": true
  },
  "supplementaries:recipes/faucet": {
    "criteria": {
      "forge:rods/wooden": "2024-07-17 03:40:15 +0000"
    },
    "done": true
  },
  "minecraft:recipes/woodcutting/mahogany/stripped_mahogany_log_from_mahogany_log_woodcutting": {
    "criteria": {
      "give_recipe": "2024-07-17 03:39:42 +0000"
    },
    "done": true
  },
  "alexsmobs:alexsmobs/root": {
    "criteria": {
      "useitem": "2024-07-17 03:39:22 +0000"
    },
    "done": true
  },
  "exoticbirds:recipes/gray_birdhouse": {
    "criteria": {
      "has_wood": "2024-07-17 03:40:09 +0000"
    },
    "done": true
  },
  "mcwfences:recipes/sandstone": {
    "criteria": {
      "has_sand": "2024-07-17 03:38:54 +0000"
    },
    "done": true
  },
  "exoticbirds:recipes/lime_birdhouse": {
    "criteria": {
      "has_wood": "2024-07-17 03:40:09 +0000"
    },
    "done": true
  },
  "aquaculture:recipes/decorations/oak_fish_mount": {
    "criteria": {
      "has_items": "2024-07-17 03:38:54 +0000"
    },
    "done": true
  },
  "mcwfences:recipes/acacia": {
    "criteria": {
      "has_acacia": "2024-07-17 03:38:54 +0000"
    },
    "done": true
  },
  "exoticbirds:recipes/mangrove_birdcage": {
    "criteria": {
      "has_stick": "2024-07-17 03:40:15 +0000"
    },
    "done": true
  },
  "croptopia:recipes/misc/vanilla_seeds": {
    "criteria": {
      "has_vanilla": "2024-07-17 03:46:36 +0000"
    },
    "done": true
  },
  "croptopia:recipes/fruit_smoothie": {
    "criteria": {
      "has_fruit": "2024-07-17 03:47:35 +0000"
    },
    "done": true
  },
  "supplementaries:recipes/bed_from_feather_block": {
    "criteria": {
      "minecraft:planks": "2024-07-17 03:40:09 +0000"
    },
    "done": true
  },
  "supplementaries:recipes/checker": {
    "criteria": {
      "has_cobblestone": "2024-07-17 03:41:17 +0000"
    },
    "done": true
  },
  "mcwfences:recipes/oak": {
    "criteria": {
      "has_oak": "2024-07-17 03:38:54 +0000"
    },
    "done": true
  },
  "minecraft:recipes/woodcutting/mahogany/polished_mahogany_sign_from_mahogany_planks_woodcutting": {
    "criteria": {
      "give_recipe": "2024-07-17 03:40:09 +0000"
    },
    "done": true
  },
  "undergarden:recipes/decorations/shard_torch": {
    "criteria": {
      "has_stick": "2024-07-17 03:40:15 +0000"
    },
    "done": true
  },
  "mcwbridges:recipes/diorite_bridge_stair": {
    "criteria": {
      "has_planks": "2024-07-17 03:43:03 +0000"
    },
    "done": true
  },
  "minecraft:recipes/woodcutting/mahogany/mahogany_planks_from_mahogany_log_woodcutting": {
    "criteria": {
      "give_recipe": "2024-07-17 03:39:42 +0000"
    },
    "done": true
  },
  "exoticbirds:default/root": {
    "criteria": {
      "launch_mod": "2024-07-17 03:38:55 +0000"
    },
    "done": true
  },
  "rootsclassic:recipes/misc/pestle": {
    "criteria": {
      "has_diorite": "2024-07-17 03:43:03 +0000"
    },
    "done": true
  },
  "exoticbirds:recipes/acacia_birdcage": {
    "criteria": {
      "has_stick": "2024-07-17 03:40:15 +0000"
    },
    "done": true
  },
  "minecraft:recipes/decorations/diorite_wall": {
    "criteria": {
      "has_diorite": "2024-07-17 03:43:03 +0000"
    },
    "done": true
  },
  "iceandfire:recipes/misc/earplugs": {
    "criteria": {
      "has_item": "2024-07-17 03:40:09 +0000"
    },
    "done": true
  },
  "minecraft:recipes/woodcutting/mahogany/polished_mahogany_layered_from_mahogany_wood_woodcutting": {
    "criteria": {
      "give_recipe": "2024-07-17 03:40:43 +0000"
    },
    "done": true
  },
  "aquaculture:recipes/aquaculture/double_hook": {
    "criteria": {
      "has_items": "2024-07-17 03:38:54 +0000"
    },
    "done": true
  },
  "supplementaries:recipes/flags/flag_light_blue": {
    "criteria": {
      "has_stick": "2024-07-17 03:40:15 +0000"
    },
    "done": true
  },
  "rootsclassic:recipes/tools/bark_knife": {
    "criteria": {
      "has_sapling": "2024-07-17 03:40:26 +0000"
    },
    "done": true
  },
  "exoticbirds:recipes/purple_birdhouse": {
    "criteria": {
      "has_wood": "2024-07-17 03:40:09 +0000"
    },
    "done": true
  },
  "minecraft:recipes/woodcutting/mahogany/polished_mahogany_chest_boat_from_mahogany_planks_woodcutting": {
    "criteria": {
      "give_recipe": "2024-07-17 03:40:09 +0000"
    },
    "done": true
  },
  "mcwfences:recipes/hedge": {
    "criteria": {
      "has_birch": "2024-07-17 03:38:54 +0000"
    },
    "done": true
  },
  "betterdeserttemples:root": {
    "criteria": {
      "always": "2024-07-17 03:38:55 +0000"
    },
    "done": true
  },
  "aquaculture:recipes/aquaculture/fishing_line": {
    "criteria": {
      "has_items": "2024-07-17 03:38:54 +0000"
    },
    "done": true
  },
  "aquaculture:recipes/aquaculture/iron_hook": {
    "criteria": {
      "has_items": "2024-07-17 03:38:54 +0000"
    },
    "done": true
  },
  "supplementaries:recipes/daub_brace": {
    "criteria": {
      "forge:rods/wooden": "2024-07-17 03:40:15 +0000"
    },
    "done": true
  },
  "aquaculture:recipes/misc/jellyfish_to_slimeball": {
    "criteria": {
      "has_items": "2024-07-17 03:38:54 +0000"
    },
    "done": true
  },
  "minecraft:recipes/woodcutting/mahogany/mahogany_fence_gate_from_mahogany_planks_woodcutting": {
    "criteria": {
      "give_recipe": "2024-07-17 03:40:09 +0000"
    },
    "done": true
  },
  "minecraft:recipes/woodcutting/mahogany/polished_mahogany_connected_from_mahogany_log_woodcutting": {
    "criteria": {
      "give_recipe": "2024-07-17 03:39:42 +0000"
    },
    "done": true
  },
  "supplementaries:recipes/notice_board": {
    "criteria": {
      "minecraft:planks": "2024-07-17 03:40:09 +0000"
    },
    "done": true
  },
  "occultism:recipes/spirit_trade/spirit_trade/test": {
    "criteria": {
      "has_stone": "2024-07-17 03:43:03 +0000"
    },
    "done": true
  },
  "minecraft:recipes/woodcutting/mahogany/mahogany_fence_from_mahogany_planks_woodcutting": {
    "criteria": {
      "give_recipe": "2024-07-17 03:40:09 +0000"
    },
    "done": true
  },
  "minecraft:recipes/woodcutting/mahogany/polished_mahogany_slab_from_mahogany_planks_woodcutting": {
    "criteria": {
      "give_recipe": "2024-07-17 03:40:09 +0000"
    },
    "done": true
  },
  "mcwbridges:recipes/cobblestone_bridge_pier": {
    "criteria": {
      "has_planks": "2024-07-17 03:41:17 +0000"
    },
    "done": true
  },
  "exoticbirds:recipes/egg_identifier": {
    "criteria": {
      "has_bucket": "2024-07-17 03:38:54 +0000"
    },
    "done": true
  },
  "minecraft:recipes/decorations/diorite_wall_from_diorite_stonecutting": {
    "criteria": {
      "has_diorite": "2024-07-17 03:43:03 +0000"
    },
    "done": true
  },
  "minecraft:recipes/tools/wooden_pickaxe": {
    "criteria": {
      "has_stick": "2024-07-17 03:40:15 +0000"
    },
    "done": true
  },
  "aquaculture:recipes/tools/diamond_fishing_rod": {
    "criteria": {
      "has_vanilla_rod": "2024-07-17 03:38:54 +0000"
    },
    "done": true
  },
  "supplementaries:recipes/flags/flag_cyan": {
    "criteria": {
      "has_stick": "2024-07-17 03:40:15 +0000"
    },
    "done": true
  },
  "minecraft:story/upgrade_tools": {
    "criteria": {
      "stone_pickaxe": "2024-07-17 03:41:31 +0000"
    },
    "done": true
  },
  "exoticbirds:recipes/bamboo_birdcage": {
    "criteria": {
      "has_stick": "2024-07-17 03:40:15 +0000"
    },
    "done": true
  },
  "ironfurnaces:coal": {
    "criteria": {
      "rainbowcoal": "2024-07-17 03:38:54 +0000"
    },
    "done": true
  },
  "exoticbirds:recipes/orange_birdhouse": {
    "criteria": {
      "has_wood": "2024-07-17 03:40:09 +0000"
    },
    "done": true
  },
  "minecraft:recipes/woodcutting/mahogany/mahogany_connected_from_mahogany_planks_woodcutting": {
    "criteria": {
      "give_recipe": "2024-07-17 03:40:09 +0000"
    },
    "done": true
  },
  "mcwbridges:recipes/balustrade_cobblestone_bridge": {
    "criteria": {
      "has_planks": "2024-07-17 03:41:16 +0000"
    },
    "done": true
  },
  "supplementaries:recipes/flags/flag_red": {
    "criteria": {
      "has_stick": "2024-07-17 03:40:15 +0000"
    },
    "done": true
  },
  "minecraft:recipes/building_blocks/polished_diorite_from_diorite_stonecutting": {
    "criteria": {
      "has_diorite": "2024-07-17 03:43:03 +0000"
    },
    "done": true
  },
  "mcwbridges:recipes/balustrade_diorite_bridge": {
    "criteria": {
      "has_planks": "2024-07-17 03:43:03 +0000"
    },
    "done": true
  },
  "minecraft:husbandry/balanced_diet": {
    "criteria": {
      "apple": "2024-07-17 03:48:14 +0000"
    },
    "done": false
  },
  "aquaculture:recipes/tools/stone_fillet_knife": {
    "criteria": {
      "has_items": "2024-07-17 03:41:16 +0000"
    },
    "done": true
  },
  "minecraft:recipes/building_blocks/diorite_stairs": {
    "criteria": {
      "has_diorite": "2024-07-17 03:43:03 +0000"
    },
    "done": true
  },
  "aquaculture:recipes/misc/tin_can_to_iron_nugget": {
    "criteria": {
      "has_items": "2024-07-17 03:38:54 +0000"
    },
    "done": true
  },
  "securitycraft:recipes/misc/motion_activated_light": {
    "criteria": {
      "has_stick": "2024-07-17 03:40:15 +0000"
    },
    "done": true
  },
  "fairylights:recipes/fairylights/incandescent_light": {
    "criteria": {
      "has_torch": "2024-07-17 03:42:05 +0000"
    },
    "done": true
  },
  "supplementaries:recipes/crank": {
    "criteria": {
      "forge:rods/wooden": "2024-07-17 03:40:15 +0000"
    },
    "done": true
  },
  "aquaculture:recipes/decorations/birch_fish_mount": {
    "criteria": {
      "has_items": "2024-07-17 03:38:54 +0000"
    },
    "done": true
  },
  "exoticbirds:recipes/warped_birdcage": {
    "criteria": {
      "has_stick": "2024-07-17 03:40:15 +0000"
    },
    "done": true
  },
  "supplementaries:recipes/flags/flag_orange": {
    "criteria": {
      "has_stick": "2024-07-17 03:40:15 +0000"
    },
    "done": true
  },
  "minecraft:story/mine_stone": {
    "criteria": {
      "get_stone": "2024-07-17 03:41:16 +0000"
    },
    "done": true
  },
  "minecraft:recipes/decorations/furnace": {
    "criteria": {
      "has_cobblestone": "2024-07-17 03:41:17 +0000"
    },
    "done": true
  },
  "supplementaries:recipes/soap": {
    "criteria": {
      "has_porkchop": "2024-07-17 03:47:41 +0000"
    },
    "done": true
  },
  "mcwfences:recipes/prismarine": {
    "criteria": {
      "has_qq": "2024-07-17 03:38:54 +0000"
    },
    "done": true
  },
  "mcwfences:recipes/quartz": {
    "criteria": {
      "has_qq": "2024-07-17 03:38:54 +0000"
    },
    "done": true
  },
  "supplementaries:recipes/lock_block": {
    "criteria": {
      "minecraft:planks": "2024-07-17 03:40:09 +0000"
    },
    "done": true
  },
  "minecraft:recipes/woodcutting/mahogany/polished_mahogany_fence_gate_from_mahogany_planks_woodcutting": {
    "criteria": {
      "give_recipe": "2024-07-17 03:40:09 +0000"
    },
    "done": true
  },
  "aquaculture:recipes/misc/iron_nugget_from_smelting": {
    "criteria": {
      "has_fishing_rod": "2024-07-17 03:38:54 +0000",
      "has_fillet_knife": "2024-07-17 03:38:54 +0000"
    },
    "done": true
  },
  "exoticbirds:recipes/egg_incubator": {
    "criteria": {
      "has_bucket": "2024-07-17 03:38:54 +0000",
      "has_flint": "2024-07-17 03:38:54 +0000"
    },
    "done": true
  },
  "repurposed_structures:root": {
    "criteria": {
      "always": "2024-07-17 03:38:55 +0000"
    },
    "done": true
  },
  "naturescompass:natures_compass": {
    "criteria": {
      "has_recipe": "2024-07-17 03:39:42 +0000"
    },
    "done": true
  },
  "aquaculture:recipes/tools/golden_fishing_rod": {
    "criteria": {
      "has_vanilla_rod": "2024-07-17 03:38:54 +0000"
    },
    "done": true
  },
  "aquaculture:recipes/misc/gold_nugget_from_smelting": {
    "criteria": {
      "has_fishing_rod": "2024-07-17 03:38:54 +0000",
      "has_fillet_knife": "2024-07-17 03:38:54 +0000"
    },
    "done": true
  },
  "exoticbirds:recipes/crimson_birdcage": {
    "criteria": {
      "has_stick": "2024-07-17 03:40:15 +0000"
    },
    "done": true
  },
  "minecraft:recipes/building_blocks/cobblestone_slab_from_cobblestone_stonecutting": {
    "criteria": {
      "has_cobblestone": "2024-07-17 03:41:17 +0000"
    },
    "done": true
  },
  "exoticbirds:recipes/phoenix_egg_from_twilight_phoenix": {
    "criteria": {
      "has_egg": "2024-07-17 03:38:54 +0000"
    },
    "done": true
  },
  "mcwfences:recipes/mangrove": {
    "criteria": {
      "has_mangrove": "2024-07-17 03:38:54 +0000"
    },
    "done": true
  },
  "mowziesmobs:root": {
    "criteria": {
      "custom_test_name": "2024-07-17 03:38:55 +0000"
    },
    "done": true
  },
  "croptopia:recipes/shaped_scones": {
    "criteria": {
      "has_vanilla": "2024-07-17 03:46:36 +0000"
    },
    "done": true
  },
  "minecraft:recipes/woodcutting/mahogany/polished_mahogany_layered_from_mahogany_planks_woodcutting": {
    "criteria": {
      "give_recipe": "2024-07-17 03:40:09 +0000"
    },
    "done": true
  },
  "minecraft:recipes/building_blocks/stone": {
    "criteria": {
      "has_cobblestone": "2024-07-17 03:41:17 +0000"
    },
    "done": true
  },
  "minecraft:recipes/woodcutting/mahogany/crafting_table_from_mahogany_planks_woodcutting": {
    "criteria": {
      "give_recipe": "2024-07-17 03:40:09 +0000"
    },
    "done": true
  },
  "aquaculture:recipes/misc/bonemeal_from_fish_bones": {
    "criteria": {
      "has_items": "2024-07-17 03:38:54 +0000"
    },
    "done": true
  },
  "exoticbirds:recipes/light_blue_birdhouse": {
    "criteria": {
      "has_wood": "2024-07-17 03:40:09 +0000"
    },
    "done": true
  },
  "mcwfences:recipes/nether": {
    "criteria": {
      "has_nether_brick": "2024-07-17 03:38:54 +0000"
    },
    "done": true
  },
  "minecraft:recipes/woodcutting/mahogany/polished_mahogany_planks_from_mahogany_planks_woodcutting": {
    "criteria": {
      "give_recipe": "2024-07-17 03:40:09 +0000"
    },
    "done": true
  },
  "croptopia:recipes/food/pork_jerky": {
    "criteria": {
      "has_the_recipe": "2024-07-17 03:47:41 +0000"
    },
    "done": true
  },
  "croptopia:recipes/misc/apple_sapling": {
    "criteria": {
      "has_apple": "2024-07-17 03:47:35 +0000"
    },
    "done": true
  },
  "minecraft:recipes/building_blocks/polished_diorite_stairs_from_diorite_stonecutting": {
    "criteria": {
      "has_diorite": "2024-07-17 03:43:03 +0000"
    },
    "done": true
  },
  "exoticbirds:recipes/brown_birdhouse": {
    "criteria": {
      "has_wood": "2024-07-17 03:40:09 +0000"
    },
    "done": true
  },
  "minecraft:recipes/woodcutting/mahogany/mahogany_chest_boat_from_mahogany_planks_woodcutting": {
    "criteria": {
      "give_recipe": "2024-07-17 03:40:09 +0000"
    },
    "done": true
  },
  "minecraft:recipes/woodcutting/mahogany/polished_mahogany_stairs_from_mahogany_planks_woodcutting": {
    "criteria": {
      "give_recipe": "2024-07-17 03:40:09 +0000"
    },
    "done": true
  },
  "mcwbridges:recipes/diorite_bridge_pier": {
    "criteria": {
      "has_planks": "2024-07-17 03:43:03 +0000"
    },
    "done": true
  },
  "mcwfences:recipes/bamboo": {
    "criteria": {
      "has_bamboo": "2024-07-17 03:38:54 +0000"
    },
    "done": true
  },
  "aquaculture:recipes/misc/brown_mushroom_from_fish": {
    "criteria": {
      "has_items": "2024-07-17 03:38:54 +0000"
    },
    "done": true
  },
  "supplementaries:recipes/flags/flag_pink": {
    "criteria": {
      "has_stick": "2024-07-17 03:40:15 +0000"
    },
    "done": true
  },
  "minecraft:recipes/tools/stone_pickaxe": {
    "criteria": {
      "has_cobblestone": "2024-07-17 03:41:17 +0000"
    },
    "done": true
  },
  "dungeons_arise:wda_root": {
    "criteria": {
      "WDA": "2024-07-17 03:38:55 +0000"
    },
    "done": true
  },
  "supplementaries:recipes/timber_frame": {
    "criteria": {
      "forge:rods/wooden": "2024-07-17 03:40:15 +0000"
    },
    "done": true
  },
  "aquaculture:recipes/tools/wooden_fillet_knife": {
    "criteria": {
      "has_items": "2024-07-17 03:40:15 +0000"
    },
    "done": true
  },
  "mcwfences:recipes/spruce": {
    "criteria": {
      "has_spruce": "2024-07-17 03:38:54 +0000"
    },
    "done": true
  },
  "minecraft:recipes/tools/wooden_hoe": {
    "criteria": {
      "has_stick": "2024-07-17 03:40:15 +0000"
    },
    "done": true
  },
  "botania:recipes/tools/lexicon": {
    "criteria": {
      "has_item": "2024-07-17 03:40:26 +0000"
    },
    "done": true
  },
  "minecraft:recipes/misc/charcoal": {
    "criteria": {
      "has_log": "2024-07-17 03:39:42 +0000"
    },
    "done": true
  },
  "minecraft:recipes/woodcutting/mahogany/mahogany_connected_from_mahogany_wood_woodcutting": {
    "criteria": {
      "give_recipe": "2024-07-17 03:40:43 +0000"
    },
    "done": true
  },
  "securitycraft:recipes/misc/sonic_security_system": {
    "criteria": {
      "has_stick": "2024-07-17 03:40:15 +0000"
    },
    "done": true
  },
  "the_bumblezone:root": {
    "criteria": {
      "instant_granted": "2024-07-17 03:38:55 +0000"
    },
    "done": true
  },
  "naturescompass:natures_compass_log": {
    "criteria": {
      "has_log": "2024-07-17 03:39:42 +0000"
    },
    "done": true
  },
  "aquaculture:recipes/misc/neptinium_ingot_from_blasting": {
    "criteria": {
      "has_leggings": "2024-07-17 03:38:54 +0000",
      "has_axe": "2024-07-17 03:38:54 +0000",
      "has_helmet": "2024-07-17 03:38:54 +0000",
      "has_fishing_rod": "2024-07-17 03:38:54 +0000",
      "has_bow": "2024-07-17 03:38:54 +0000",
      "has_chestplate": "2024-07-17 03:38:54 +0000",
      "has_sword": "2024-07-17 03:38:54 +0000",
      "has_fillet_knife": "2024-07-17 03:38:54 +0000",
      "has_shovel": "2024-07-17 03:38:54 +0000",
      "has_hoe": "2024-07-17 03:38:54 +0000",
      "has_boots": "2024-07-17 03:38:54 +0000",
      "has_pickaxe": "2024-07-17 03:38:54 +0000"
    },
    "done": true
  },
  "supplementaries:recipes/slingshot": {
    "criteria": {
      "forge:rods/wooden": "2024-07-17 03:40:15 +0000"
    },
    "done": true
  },
  "minecraft:recipes/building_blocks/andesite": {
    "criteria": {
      "has_stone": "2024-07-17 03:43:03 +0000"
    },
    "done": true
  },
  "aquaculture:recipes/decorations/dark_oak_fish_mount": {
    "criteria": {
      "has_items": "2024-07-17 03:38:54 +0000"
    },
    "done": true
  },
  "mcwbridges:recipes/bridge_lantern": {
    "criteria": {
      "has_planks": "2024-07-17 03:41:50 +0000"
    },
    "done": true
  },
  "minecraft:recipes/tools/wooden_shovel": {
    "criteria": {
      "has_stick": "2024-07-17 03:40:15 +0000"
    },
    "done": true
  },
  "minecraft:adventure/root": {
    "criteria": {
      "killed_something": "2024-07-17 03:47:40 +0000"
    },
    "done": true
  },
  "supplementaries:recipes/clock_block": {
    "criteria": {
      "minecraft:planks": "2024-07-17 03:40:09 +0000"
    },
    "done": true
  },
  "aquaculture:recipes/aquaculture/diamond_hook": {
    "criteria": {
      "has_items": "2024-07-17 03:38:54 +0000"
    },
    "done": true
  },
  "aquaculture:recipes/food/sushi": {
    "criteria": {
      "has_alt_items": "2024-07-17 03:38:54 +0000",
      "has_items": "2024-07-17 03:38:54 +0000"
    },
    "done": true
  },
  "rootsclassic:recipes/misc/mortar": {
    "criteria": {
      "has_stone": "2024-07-17 03:43:03 +0000"
    },
    "done": true
  },
  "minecraft:recipes/decorations/barrel": {
    "criteria": {
      "has_planks": "2024-07-17 03:40:09 +0000"
    },
    "done": true
  },
  "exoticbirds:recipes/white_birdhouse": {
    "criteria": {
      "has_wood": "2024-07-17 03:40:09 +0000"
    },
    "done": true
  },
  "exoticbirds:recipes/gold_birdcage": {
    "criteria": {
      "has_stick": "2024-07-17 03:40:15 +0000"
    },
    "done": true
  },
  "minecraft:recipes/woodcutting/mahogany/polished_mahogany_layered_from_mahogany_log_woodcutting": {
    "criteria": {
      "give_recipe": "2024-07-17 03:39:42 +0000"
    },
    "done": true
  },
  "minecraft:recipes/building_blocks/polished_diorite_slab_from_diorite_stonecutting": {
    "criteria": {
      "has_diorite": "2024-07-17 03:43:03 +0000"
    },
    "done": true
  },
  "aquaculture:recipes/misc/red_mushroom_from_fish": {
    "criteria": {
      "has_items": "2024-07-17 03:38:54 +0000"
    },
    "done": true
  },
  "securitycraft:recipes/misc/sc_manual": {
    "criteria": {
      "has_wood": "2024-07-17 03:39:42 +0000"
    },
    "done": true
  },
  "minecraft:recipes/woodcutting/mahogany/polished_mahogany_door_from_mahogany_planks_woodcutting": {
    "criteria": {
      "give_recipe": "2024-07-17 03:40:09 +0000"
    },
    "done": true
  },
  "aquaculture:recipes/building_blocks/planks_from_driftwood": {
    "criteria": {
      "has_items": "2024-07-17 03:38:54 +0000"
    },
    "done": true
  },
  "croptopia:recipes/misc/vanilla_ice_cream": {
    "criteria": {
      "has_vanilla": "2024-07-17 03:46:36 +0000"
    },
    "done": true
  },
  "aquamirae:adventure/root": {
    "criteria": {
      "crafting_table": "2024-07-17 03:40:12 +0000"
    },
    "done": true
  },
  "minecraft:recipes/tools/stone_shovel": {
    "criteria": {
      "has_cobblestone": "2024-07-17 03:41:16 +0000"
    },
    "done": true
  },
  "tombstone:adventure/root": {
    "criteria": {
      "auto": "2024-07-17 03:38:56 +0000"
    },
    "done": true
  },
  "exoticbirds:recipes/green_birdhouse": {
    "criteria": {
      "has_wood": "2024-07-17 03:40:09 +0000"
    },
    "done": true
  },
  "minecraft:recipes/woodcutting/mahogany/polished_mahogany_pressure_plate_from_mahogany_planks_woodcutting": {
    "criteria": {
      "give_recipe": "2024-07-17 03:40:09 +0000"
    },
    "done": true
  },
  "minecraft:recipes/woodcutting/mahogany/mahogany_connected_from_mahogany_log_woodcutting": {
    "criteria": {
      "give_recipe": "2024-07-17 03:39:42 +0000"
    },
    "done": true
  },
  "mcwfences:recipes/end": {
    "criteria": {
      "has_end_brick": "2024-07-17 03:38:54 +0000"
    },
    "done": true
  },
  "aquaculture:recipes/aquaculture/worm_farm": {
    "criteria": {
      "has_items": "2024-07-17 03:38:54 +0000"
    },
    "done": true
  },
  "iceandfire:recipes/misc/dragon_meal": {
    "criteria": {
      "has_item": "2024-07-17 03:47:41 +0000"
    },
    "done": true
  },
  "exoticbirds:recipes/black_birdhouse": {
    "criteria": {
      "has_wood": "2024-07-17 03:40:09 +0000"
    },
    "done": true
  },
  "exoticbirds:recipes/cyan_birdhouse": {
    "criteria": {
      "has_wood": "2024-07-17 03:40:09 +0000"
    },
    "done": true
  },
  "croptopia:recipes/pork_and_beans": {
    "criteria": {
      "has_pork": "2024-07-17 03:47:41 +0000"
    },
    "done": true
  },
  "exoticbirds:recipes/phoenix_egg_from_fire_phoenix": {
    "criteria": {
      "has_egg": "2024-07-17 03:38:54 +0000"
    },
    "done": true
  },
  "undergarden:recipes/decorations/torch_ditchbulb_paste": {
    "criteria": {
      "has_stick": "2024-07-17 03:40:15 +0000"
    },
    "done": true
  },
  "aquaculture:recipes/aquaculture/note_hook": {
    "criteria": {
      "has_items": "2024-07-17 03:38:54 +0000"
    },
    "done": true
  },
  "supplementaries:recipes/flags/flag_brown": {
    "criteria": {
      "has_stick": "2024-07-17 03:40:15 +0000"
    },
    "done": true
  },
  "aquaculture:recipes/food/cooked_fish_fillet_from_campfire": {
    "criteria": {
      "has_items": "2024-07-17 03:38:54 +0000"
    },
    "done": true
  },
  "farmersdelight:recipes/combat/flint_knife": {
    "criteria": {
      "has_stick": "2024-07-17 03:40:15 +0000"
    },
    "done": true
  },
  "croptopia:recipes/carnitas": {
    "criteria": {
      "has_porkchop": "2024-07-17 03:47:41 +0000"
    },
    "done": true
  },
  "farmersdelight:recipes/cooking/noodle_soup": {
    "criteria": {
      "has_any_ingredient": "2024-07-17 03:47:41 +0000"
    },
    "done": true
  },
  "securitycraft:recipes/redstone/laser_block": {
    "criteria": {
      "has_stone": "2024-07-17 03:41:16 +0000"
    },
    "done": true
  },
  "aquaculture:recipes/aquaculture/gold_hook": {
    "criteria": {
      "has_items": "2024-07-17 03:38:54 +0000"
    },
    "done": true
  },
  "exoticbirds:recipes/oak_birdcage": {
    "criteria": {
      "has_stick": "2024-07-17 03:40:15 +0000"
    },
    "done": true
  },
  "undergarden:recipes/decorations/undergarden_scaffolding": {
    "criteria": {
      "has_stick": "2024-07-17 03:40:15 +0000"
    },
    "done": true
  },
  "minecraft:recipes/woodcutting/mahogany/mahogany_slab_from_mahogany_planks_woodcutting": {
    "criteria": {
      "give_recipe": "2024-07-17 03:40:09 +0000"
    },
    "done": true
  },
  "croptopia:recipes/misc/apple_pie": {
    "criteria": {
      "has_apple": "2024-07-17 03:47:35 +0000"
    },
    "done": true
  },
  "aquaculture:recipes/decorations/spruce_fish_mount": {
    "criteria": {
      "has_items": "2024-07-17 03:38:54 +0000"
    },
    "done": true
  },
  "minecraft:recipes/woodcutting/mahogany/mahogany_sign_from_mahogany_planks_woodcutting": {
    "criteria": {
      "give_recipe": "2024-07-17 03:40:09 +0000"
    },
    "done": true
  },
  "exoticbirds:recipes/dark_oak_birdcage": {
    "criteria": {
      "has_stick": "2024-07-17 03:40:15 +0000"
    },
    "done": true
  },
  "minecraft:recipes/food/cooked_porkchop_from_campfire_cooking": {
    "criteria": {
      "has_porkchop": "2024-07-17 03:47:41 +0000"
    },
    "done": true
  },
  "farmersdelight:recipes/cooking/pumpkin_soup": {
    "criteria": {
      "has_any_ingredient": "2024-07-17 03:47:41 +0000"
    },
    "done": true
  },
  "mcwfences:recipes/mud_brick": {
    "criteria": {
      "has_qq": "2024-07-17 03:38:54 +0000"
    },
    "done": true
  },
  "supplementaries:recipes/sconce": {
    "criteria": {
      "has_torch": "2024-07-17 03:42:05 +0000"
    },
    "done": true
  },
  "croptopia:recipes/shaped_bacon": {
    "criteria": {
      "has_porkchop": "2024-07-17 03:47:41 +0000"
    },
    "done": true
  },
  "bossominium:loot_bosses_a": {
    "criteria": {
      "loot_bosses_a": "2024-07-17 03:38:55 +0000"
    },
    "done": true
  },
  "mcwfences:recipes/blackstone": {
    "criteria": {
      "has_blackstone": "2024-07-17 03:38:54 +0000"
    },
    "done": true
  },
  "exoticbirds:recipes/cherry_birdcage": {
    "criteria": {
      "has_stick": "2024-07-17 03:40:15 +0000"
    },
    "done": true
  },
  "supplementaries:recipes/speaker_block": {
    "criteria": {
      "minecraft:planks": "2024-07-17 03:40:09 +0000"
    },
    "done": true
  },
  "exoticbirds:recipes/yellow_birdhouse": {
    "criteria": {
      "has_wood": "2024-07-17 03:40:09 +0000"
    },
    "done": true
  },
  "minecraft:husbandry/root": {
    "criteria": {
      "consumed_item": "2024-07-17 03:39:22 +0000"
    },
    "done": true
  },
  "aquaculture:recipes/misc/tin_can_to_iron_nugget_from_blasting": {
    "criteria": {
      "has_items": "2024-07-17 03:38:54 +0000"
    },
    "done": true
  },
  "croptopia:recipes/shaped_sticky_toffee_pudding": {
    "criteria": {
      "has_vanilla": "2024-07-17 03:46:36 +0000"
    },
    "done": true
  },
  "minecraft:recipes/building_blocks/coal_block": {
    "criteria": {
      "has_coal": "2024-07-17 03:41:50 +0000"
    },
    "done": true
  },
  "cataclysm:root": {
    "criteria": {
      "custom_test_name": "2024-07-17 03:38:55 +0000"
    },
    "done": true
  },
  "exoticbirds:recipes/phoenix_egg_from_skeleton_phoenix": {
    "criteria": {
      "has_egg": "2024-07-17 03:38:54 +0000"
    },
    "done": true
  },
  "minecraft:recipes/decorations/torch": {
    "criteria": {
      "has_stone_pickaxe": "2024-07-17 03:41:31 +0000"
    },
    "done": true
  },
  "supplementaries:recipes/flags/flag_blue": {
    "criteria": {
      "has_stick": "2024-07-17 03:40:15 +0000"
    },
    "done": true
  },
  "mcwbridges:recipes/cobblestone_bridge": {
    "criteria": {
      "has_planks": "2024-07-17 03:41:17 +0000"
    },
    "done": true
  },
  "mcwbridges:recipes/diorite_bridge": {
    "criteria": {
      "has_planks": "2024-07-17 03:43:03 +0000"
    },
    "done": true
  },
  "mcwfences:recipes/deepslate": {
    "criteria": {
      "has_deepslate": "2024-07-17 03:38:54 +0000"
    },
    "done": true
  },
  "aquaculture:recipes/aquaculture/redstone_hook": {
    "criteria": {
      "has_items": "2024-07-17 03:38:54 +0000"
    },
    "done": true
  },
  "supplementaries:recipes/daub_frame": {
    "criteria": {
      "forge:rods/wooden": "2024-07-17 03:40:15 +0000"
    },
    "done": true
  },
  "exoticbirds:recipes/spruce_birdcage": {
    "criteria": {
      "has_stick": "2024-07-17 03:40:15 +0000"
    },
    "done": true
  },
  "aquaculture:recipes/misc/gold_nugget_from_blasting": {
    "criteria": {
      "has_fishing_rod": "2024-07-17 03:38:54 +0000",
      "has_fillet_knife": "2024-07-17 03:38:54 +0000"
    },
    "done": true
  },
  "aquaculture:recipes/aquaculture/bobber": {
    "criteria": {
      "has_items": "2024-07-17 03:38:54 +0000"
    },
    "done": true
  },
  "exoticbirds:recipes/phoenix_egg_from_water_phoenix": {
    "criteria": {
      "has_egg": "2024-07-17 03:38:54 +0000"
    },
    "done": true
  },
  "exoticbirds:recipes/ambrosia": {
    "criteria": {
      "has_apple": "2024-07-17 03:47:35 +0000"
    },
    "done": true
  },
  "aquaculture:recipes/misc/gold_nugget_from_gold_fish": {
    "criteria": {
      "has_items": "2024-07-17 03:38:54 +0000"
    },
    "done": true
  },
  "aquaculture:recipes/food/cooked_fish_fillet_from_smoking": {
    "criteria": {
      "has_items": "2024-07-17 03:38:54 +0000"
    },
    "done": true
  },
  "farmersdelight:main/root": {
    "criteria": {
      "seeds": "2024-07-17 03:38:54 +0000"
    },
    "done": true
  },
  "croptopia:recipes/documentation": {
    "criteria": {
      "has_crop": "2024-07-17 03:46:36 +0000"
    },
    "done": true
  },
  "aquaculture:recipes/food/cooked_fish_fillet": {
    "criteria": {
      "has_items": "2024-07-17 03:38:54 +0000"
    },
    "done": true
  },
  "the_bumblezone:wiki": {
    "criteria": {
      "instant_granted": "2024-07-17 03:38:55 +0000"
    },
    "done": true
  },
  "supplementaries:recipes/flags/flag_yellow": {
    "criteria": {
      "has_stick": "2024-07-17 03:40:15 +0000"
    },
    "done": true
  },
  "minecraft:recipes/woodcutting/mahogany/mahogany_planks_from_mahogany_wood_woodcutting": {
    "criteria": {
      "give_recipe": "2024-07-17 03:40:43 +0000"
    },
    "done": true
  },
  "croptopia:recipes/fruit_salad": {
    "criteria": {
      "has_apple": "2024-07-17 03:47:35 +0000"
    },
    "done": true
  },
  "supplementaries:recipes/flags/flag_light_gray": {
    "criteria": {
      "has_stick": "2024-07-17 03:40:15 +0000"
    },
    "done": true
  },
  "securitycraft:recipes/building_blocks/reinforced_andesite": {
    "criteria": {
      "has_cobblestone": "2024-07-17 03:41:16 +0000"
    },
    "done": true
  },
  "minecraft:recipes/woodcutting/mahogany/polished_mahogany_connected_from_mahogany_wood_woodcutting": {
    "criteria": {
      "give_recipe": "2024-07-17 03:40:43 +0000"
    },
    "done": true
  },
  "mcwbridges:recipes/cobblestone_bridge_stair": {
    "criteria": {
      "has_planks": "2024-07-17 03:41:17 +0000"
    },
    "done": true
  },
  "securitycraft:recipes/building_blocks/reinforced_diorite": {
    "criteria": {
      "has_cobblestone": "2024-07-17 03:41:17 +0000"
    },
    "done": true
  },
  "furnish:recipes/furniture_workbench": {
    "criteria": {
      "has_logs": "2024-07-17 03:39:42 +0000"
    },
    "done": true
  },
  "minecraft:adventure/adventuring_time": {
    "criteria": {
      "minecraft:sparse_jungle": "2024-07-17 03:38:56 +0000",
      "minecraft:dripstone_caves": "2024-07-17 03:43:03 +0000",
      "minecraft:forest": "2024-07-17 03:46:53 +0000"
    },
    "done": false
  },
  "exoticbirds:recipes/phoenix_egg_from_snowy_phoenix": {
    "criteria": {
      "has_egg": "2024-07-17 03:38:54 +0000"
    },
    "done": true
  },
  "supplementaries:recipes/pulley": {
    "criteria": {
      "minecraft:planks": "2024-07-17 03:40:09 +0000"
    },
    "done": true
  },
  "minecraft:recipes/building_blocks/cobblestone_stairs_from_cobblestone_stonecutting": {
    "criteria": {
      "has_cobblestone": "2024-07-17 03:41:17 +0000"
    },
    "done": true
  },
  "minecraft:recipes/building_blocks/diorite_slab_from_diorite_stonecutting": {
    "criteria": {
      "has_diorite": "2024-07-17 03:43:03 +0000"
    },
    "done": true
  },
  "apotheosis:give_book": {
    "criteria": {
      "tick": "2024-07-17 03:38:55 +0000"
    },
    "done": true
  },
  "farmersdelight:recipes/decorations/cutting_board": {
    "criteria": {
      "has_stick": "2024-07-17 03:40:15 +0000"
    },
    "done": true
  },
  "supplementaries:recipes/decorations/hexerei/sign_post_mahogany": {
    "criteria": {
      "has_planks": "2024-07-17 03:40:09 +0000"
    },
    "done": true
  },
  "aquaculture:recipes/misc/neptunium_ingot_from_nuggets": {
    "criteria": {
      "has_items": "2024-07-17 03:38:54 +0000"
    },
    "done": true
  },
  "occultism:occultism/root": {
    "criteria": {
      "occultism_present": "2024-07-17 03:38:55 +0000"
    },
    "done": true
  },
  "minecraft:recipes/woodcutting/mahogany/polished_mahogany_pillar_from_mahogany_planks_woodcutting": {
    "criteria": {
      "give_recipe": "2024-07-17 03:40:09 +0000"
    },
    "done": true
  },
  "minecraft:recipes/tools/stone_hoe": {
    "criteria": {
      "has_cobblestone": "2024-07-17 03:41:17 +0000"
    },
    "done": true
  },
  "aquaculture:recipes/misc/iron_nugget_from_blasting": {
    "criteria": {
      "has_fishing_rod": "2024-07-17 03:38:54 +0000",
      "has_fillet_knife": "2024-07-17 03:38:54 +0000"
    },
    "done": true
  },
  "minecraft:recipes/woodcutting/mahogany/polished_mahogany_planks_from_mahogany_log_woodcutting": {
    "criteria": {
      "give_recipe": "2024-07-17 03:39:42 +0000"
    },
    "done": true
  },
  "minecraft:recipes/woodcutting/mahogany/mahogany_chest_from_mahogany_planks_woodcutting": {
    "criteria": {
      "give_recipe": "2024-07-17 03:40:09 +0000"
    },
    "done": true
  },
  "minecraft:story/root": {
    "criteria": {
      "crafting_table": "2024-07-17 03:40:12 +0000"
    },
    "done": true
  },
  "minecraft:recipes/woodcutting/mahogany/mahogany_stairs_from_mahogany_planks_woodcutting": {
    "criteria": {
      "give_recipe": "2024-07-17 03:40:09 +0000"
    },
    "done": true
  },
  "supplementaries:recipes/flags/flag_lime": {
    "criteria": {
      "has_stick": "2024-07-17 03:40:15 +0000"
    },
    "done": true
  },
  "aquaculture:recipes/decorations/jungle_fish_mount": {
    "criteria": {
      "has_items": "2024-07-17 03:38:54 +0000"
    },
    "done": true
  },
  "DataVersion": 3465
}